{
  "sample_size": 5,
  "retrieval_metrics": {
    "precision_at_k": 0.6,
    "recall_at_k": 0.9666666666666667,
    "mrr": 1.0,
    "map": 0.9666666666666667
  },
  "generation_metrics": {
    "bleu": 3.5029734445045557,
    "rouge_1": 0.29497646571209857,
    "rouge_2": 0.0907724428169322,
    "rouge_l": 0.16027548634123195,
    "bertscore_precision": 0.8239297866821289,
    "bertscore_recall": 0.8706973791122437,
    "bertscore_f1": 0.846410870552063
  },
  "hallucination_and_franq_metrics": {
    "NEW_Keyword_Faithfulness_Score": 0.4482758620689655,
    "NEW_Hallucination_Rate_By_Type": {
      "intrinsic_rate": 0.10344827586206896,
      "extrinsic_rate": 0.13793103448275862,
      "logical_rate": 0.3103448275862069,
      "overall_hallucination_rate": 0.5517241379310345
    },
    "NEW_FRANQ_Factuality_Score": 0.6349187154078023
  }
}