{
  "dev_size": 300,
  "offset": 0,
  "pool": 50,
  "rrf_k_sweep": {
    "1": {
      "map": 0.7880185185185181,
      "recall": 0.8136521164021155,
      "precision": 0.5319999999999991
    },
    "10": {
      "map": 0.7843333333333328,
      "recall": 0.8089298941798932,
      "precision": 0.5293333333333327
    },
    "20": {
      "map": 0.7834407407407401,
      "recall": 0.80559656084656,
      "precision": 0.5273333333333327
    },
    "40": {
      "map": 0.7818518518518512,
      "recall": 0.8047499999999992,
      "precision": 0.5259999999999991
    },
    "60": {
      "map": 0.7817629629629623,
      "recall": 0.8053055555555548,
      "precision": 0.5259999999999991
    },
    "80": {
      "map": 0.7810962962962957,
      "recall": 0.8041944444444437,
      "precision": 0.5253333333333324
    },
    "100": {
      "map": 0.7810962962962957,
      "recall": 0.8041944444444437,
      "precision": 0.5253333333333324
    }
  },
  "best_k": 1,
  "evidence_depth": {
    "5": {
      "dense": {
        "map": 0.7557018518518513,
        "recall": 0.7860410052910046,
        "precision": 0.5159999999999992
      },
      "sparse": {
        "map": 0.7616407407407401,
        "recall": 0.7808611111111106,
        "precision": 0.508666666666666
      },
      "rrf": {
        "map": 0.7817629629629623,
        "recall": 0.8053055555555548,
        "precision": 0.5259999999999991
      }
    },
    "10": {
      "dense": {
        "map": 0.7610199336524726,
        "recall": 0.8335026455026449,
        "precision": 0.27399999999999947
      },
      "sparse": {
        "map": 0.7721456050012591,
        "recall": 0.8400119047619045,
        "precision": 0.2749999999999994
      },
      "rrf": {
        "map": 0.7856792879188704,
        "recall": 0.8478082010582003,
        "precision": 0.2786666666666662
      }
    },
    "20": {
      "dense": {
        "map": 0.7680363261322556,
        "recall": 0.8689047619047615,
        "precision": 0.1429999999999997
      },
      "sparse": {
        "map": 0.7785045576056485,
        "recall": 0.8674365079365077,
        "precision": 0.14299999999999968
      },
      "rrf": {
        "map": 0.7935887239993593,
        "recall": 0.8866031746031742,
        "precision": 0.1459999999999997
      }
    },
    "30": {
      "dense": {
        "map": 0.7695754251974416,
        "recall": 0.8823769841269838,
        "precision": 0.096777777777778
      },
      "sparse": {
        "map": 0.7800684355553961,
        "recall": 0.8798293650793649,
        "precision": 0.09688888888888911
      },
      "rrf": {
        "map": 0.7963555148325583,
        "recall": 0.9077261904761902,
        "precision": 0.09977777777777803
      }
    },
    "40": {
      "dense": {
        "map": 0.7713957422767401,
        "recall": 0.9031111111111111,
        "precision": 0.07433333333333315
      },
      "sparse": {
        "map": 0.7806179516656035,
        "recall": 0.8863571428571426,
        "precision": 0.07324999999999984
      },
      "rrf": {
        "map": 0.7972094689044318,
        "recall": 0.9171706349206348,
        "precision": 0.07583333333333316
      }
    }
  }
}