{
  "dev_size": 700,
  "offset": 300,
  "pool": 50,
  "rrf_k_sweep": {
    "1": {
      "map": 0.7946563492063491,
      "recall": 0.8192380952380954,
      "precision": 0.5245714285714301
    },
    "10": {
      "map": 0.7889948412698413,
      "recall": 0.8110000000000003,
      "precision": 0.5200000000000016
    },
    "20": {
      "map": 0.7871130952380955,
      "recall": 0.8078571428571435,
      "precision": 0.5177142857142873
    },
    "40": {
      "map": 0.7859892857142858,
      "recall": 0.8060238095238099,
      "precision": 0.5165714285714302
    },
    "60": {
      "map": 0.785441666666667,
      "recall": 0.8050714285714291,
      "precision": 0.5160000000000016
    },
    "80": {
      "map": 0.785441666666667,
      "recall": 0.8050714285714291,
      "precision": 0.5160000000000016
    },
    "100": {
      "map": 0.7853702380952385,
      "recall": 0.8050714285714291,
      "precision": 0.5160000000000016
    }
  },
  "best_k": 1,
  "evidence_depth": {
    "5": {
      "dense": {
        "map": 0.7688861111111118,
        "recall": 0.7928877551020418,
        "precision": 0.5077142857142868
      },
      "sparse": {
        "map": 0.7741559523809523,
        "recall": 0.7966802721088437,
        "precision": 0.5102857142857157
      },
      "rrf": {
        "map": 0.785441666666667,
        "recall": 0.8050714285714291,
        "precision": 0.5160000000000016
      }
    },
    "10": {
      "dense": {
        "map": 0.7834871382680058,
        "recall": 0.8511258503401361,
        "precision": 0.27400000000000124
      },
      "sparse": {
        "map": 0.7839073669150196,
        "recall": 0.8414829931972788,
        "precision": 0.2707142857142867
      },
      "rrf": {
        "map": 0.8023745262390666,
        "recall": 0.8677312925170062,
        "precision": 0.2795714285714299
      }
    },
    "20": {
      "dense": {
        "map": 0.7915974134985858,
        "recall": 0.8887312925170061,
        "precision": 0.14357142857142938
      },
      "sparse": {
        "map": 0.7909535405147093,
        "recall": 0.8763367346938771,
        "precision": 0.14157142857142935
      },
      "rrf": {
        "map": 0.8094909288384249,
        "recall": 0.9005068027210879,
        "precision": 0.14557142857142952
      }
    },
    "30": {
      "dense": {
        "map": 0.7934805464611145,
        "recall": 0.905292517006802,
        "precision": 0.09757142857142914
      },
      "sparse": {
        "map": 0.7928517875219268,
        "recall": 0.8916496598639452,
        "precision": 0.0961904761904768
      },
      "rrf": {
        "map": 0.8116670216731867,
        "recall": 0.9177074829931964,
        "precision": 0.0991428571428576
      }
    },
    "40": {
      "dense": {
        "map": 0.7942669097782293,
        "recall": 0.9135374149659857,
        "precision": 0.07396428571428622
      },
      "sparse": {
        "map": 0.7936860935868354,
        "recall": 0.9004829931972784,
        "precision": 0.07296428571428615
      },
      "rrf": {
        "map": 0.8123864304426761,
        "recall": 0.9253197278911556,
        "precision": 0.07507142857142914
      }
    }
  }
}