{
  "dev_size": 300,
  "offset": 0,
  "results": {
    "dense_top5": {
      "precision_at_k": 0.5159999999999992,
      "recall_at_k": 0.7860410052910046,
      "mrr": 0.9616666666666667,
      "map": 0.7420400793650785
    },
    "sparse_top5": {
      "precision_at_k": 0.508666666666666,
      "recall_at_k": 0.7808611111111106,
      "mrr": 0.9642777777777777,
      "map": 0.7492400793650786
    },
    "rrf_top5": {
      "precision_at_k": 0.5273333333333325,
      "recall_at_k": 0.8070833333333325,
      "mrr": 0.9688888888888889,
      "map": 0.7691678571428562
    },
    "rrf40_rerank5": {
      "precision_at_k": 0.5039999999999994,
      "recall_at_k": 0.7716243386243383,
      "mrr": 0.9646666666666666,
      "map": 0.7307884920634916
    },
    "dense20_rerank5": {
      "precision_at_k": 0.5099999999999995,
      "recall_at_k": 0.7789259259259254,
      "mrr": 0.966111111111111,
      "map": 0.7380465608465601
    }
  },
  "best_by_map": "rrf_top5"
}