{
  "dev_size": 700,
  "offset": 300,
  "results": {
    "dense_top5": {
      "precision_at_k": 0.5077142857142868,
      "recall_at_k": 0.7928877551020418,
      "mrr": 0.9871904761904762,
      "map": 0.7608045918367354
    },
    "sparse_top5": {
      "precision_at_k": 0.5102857142857157,
      "recall_at_k": 0.7966802721088437,
      "mrr": 0.9867142857142858,
      "map": 0.7659793083900226
    },
    "rrf_top5": {
      "precision_at_k": 0.5157142857142873,
      "recall_at_k": 0.8046292517006808,
      "mrr": 0.9925,
      "map": 0.7768036848072567
    },
    "rrf40_rerank5": {
      "precision_at_k": 0.5034285714285727,
      "recall_at_k": 0.7826428571428575,
      "mrr": 0.9881428571428571,
      "map": 0.7503108276643996
    },
    "dense20_rerank5": {
      "precision_at_k": 0.5074285714285727,
      "recall_at_k": 0.7895714285714291,
      "mrr": 0.9876190476190476,
      "map": 0.7582929705215424
    }
  },
  "best_by_map": "rrf_top5"
}